{
  "front entry":{
    "cat":[
      {"left": 0.82755135, "top": 0.80361865, "width": 0.04130368, "height": 0.08017228},
      {"left": 0.97386934, "top": 0.8399865, "width": 0.02587502, "height": 0.08836962}
    ]
  }
}
